지점,지점명,일시,평균최저기온(°C),평균최고기온(°C),평균 해면기압(hPa),평균 상대습도(%),합계 일조시간(hr),평균 풍속(m/s),합계 대형 증발량(mm)
90,속초,2015,8.8,16.6,1015.7,67.5,2413.6,2.1,
90,속초,2016,9,16.8,1015.5,68.4,2205.3,1.9,
90,속초,2017,8.9,17.4,1015.1,61.6,2497.9,1.8,
90,속초,2018,8.5,16.9,1015.8,61.7,2421.1,1.9,
90,속초,2019,9.6,18,1015.2,60.6,2543.1,1.9,
90,속초,2020,9.3,17.5,1015.3,61.7,2447.9,2.1,
90,속초,2021,9.2,17.4,1015.5,64.5,2478.1,2,
90,속초,2022,8.8,17.1,1015.4,61.8,2488.1,2,
90,속초,2023,9.5,17.8,1015.4,63.5,2379.8,1.9,
90,속초,2024,10.3,18.1,1015.6,66.4,2270.9,2.2,757.5
93,북춘천,2016,,,,,475,,131.4
93,북춘천,2017,5.3,18.1,1016.6,66.3,2503.1,1.3,960.9
93,북춘천,2018,5.3,17.9,1017,65.6,2542,1.4,924.2
93,북춘천,2019,5.8,18.3,1016.6,68.6,2368.7,1.2,959.9
93,북춘천,2020,5.9,17.8,1016.8,72.5,2281.7,1.3,900.1
93,북춘천,2021,6.1,18,1016.8,73.5,2303.2,1.2,902.9
93,북춘천,2022,5.2,17.5,1017.1,71.8,2383.2,1.2,899.7
93,북춘천,2023,6.4,18.2,1016.9,74,2518.1,1.1,911
93,북춘천,2024,7.5,19.1,1016.8,71.3,2522.6,1.2,913.8
95,철원,2015,5.2,17.5,1016.6,66.7,2625.1,1.6,
95,철원,2016,5.5,17.4,1016.6,67.3,2356.9,1.5,
95,철원,2017,4.5,16.8,1016.8,65.8,2379.7,1.5,
95,철원,2018,4.6,16.7,1017.4,69.1,2506.1,1.7,
95,철원,2019,5,17.5,1016.8,73.7,2754.5,1.2,880.7
95,철원,2020,5.4,16.9,1017,78.3,2597.2,1.3,812.1
95,철원,2021,5.6,17.5,1017,78.7,2669.6,1.3,851.7
95,철원,2022,4.7,16.7,1017.3,74.8,2683,1.3,849
95,철원,2023,5.9,17.5,1017.1,74.7,2499.2,1.3,882.9
95,철원,2024,6.9,18.3,1017,74.8,2476.7,1.3,867.9
98,동두천,2015,7.1,19,1016.1,62,2483.1,1.6,
98,동두천,2016,7.3,19.3,1016.1,61,2412.1,1.6,
98,동두천,2017,6.4,18.6,1016.6,60.7,2446.4,1.7,
98,동두천,2018,6.4,18.4,1017.4,61,2590.3,1.6,
98,동두천,2019,6.6,18.4,1017,68.6,2563.3,1.4,
98,동두천,2020,6.8,18,1017.2,72.8,2440.3,1.4,
98,동두천,2021,6.9,18.4,1017,73.4,2417.4,1.3,45.7
98,동두천,2022,6.3,17.9,1016.9,70.3,2500.4,1.2,861.4
98,동두천,2023,7.4,18.5,1016.6,71.9,2282.7,1.1,867.4
98,동두천,2024,8.4,19.2,1016.5,74,2216.1,1.1,833.7
99,파주,2015,5.9,18.2,1016.6,66,2623,1.6,
99,파주,2016,6.2,18.2,1016.7,68.2,2555.7,1.6,
99,파주,2017,4.7,17.2,1016.8,70.9,2568.4,1.4,
99,파주,2018,4.9,17.1,1017.3,73,2592.8,1.5,
99,파주,2019,5.5,17.7,1017,73.6,2532.7,1.3,
99,파주,2020,5.8,17.3,1017.2,76.2,2417.7,1.4,
99,파주,2021,6.1,17.9,1017.1,76.3,2484.7,1.4,40.8
99,파주,2022,5,17.1,1017.5,75.8,2523.9,1.3,816.6
99,파주,2023,6.4,17.8,1017.3,78,2233.1,1.3,817.8
99,파주,2024,7.3,18.6,1017.2,78.3,2312.5,1.3,816.5
100,대관령,2015,2.7,13.4,1016.4,72.5,2570.8,3.3,
100,대관령,2016,2.9,13.5,1016.4,72.9,2719.4,3.4,364.1
100,대관령,2017,2,12.5,1016.4,71.3,2909,3.5,892.9
100,대관령,2018,2,12.5,1017,71.9,2661,3.5,885.6
100,대관령,2019,2.7,13.6,1016.5,74.2,2590.2,2.9,903.3
100,대관령,2020,2.7,13.1,1016.8,77.1,2520.3,3.1,849.3
100,대관령,2021,2.9,13.3,1016.9,75.7,2451,3,851
100,대관령,2022,2.2,13.2,1017.1,70.8,2500.5,3.1,941.4
100,대관령,2023,3.2,14,1017.1,73.7,2186.6,3,939.8
100,대관령,2024,3.8,14.1,1017.4,76.9,2071.9,2.8,824.3
101,춘천,2015,7.3,18.4,1016.7,69.8,2404.6,1.4,650
101,춘천,2016,7.4,18.2,1016.7,70.8,2321.5,1.3,695.8
101,춘천,2017,6.4,17.6,1016.7,70.3,2387.3,1.4,877.5
101,춘천,2018,6.4,17.6,1017.2,69.2,2480.3,1.5,904.5
101,춘천,2019,7.1,18.3,1016.6,68.3,2348.8,1.3,849
101,춘천,2020,7.1,18,1016.6,68.5,2284.5,1.4,882.9
101,춘천,2021,7.3,18.4,1016.7,69.6,2303.4,1.4,896.6
101,춘천,2022,6.4,18.1,1016.9,69.6,2386,1.4,882.5
101,춘천,2023,7,18.4,1016.4,68.7,2178.6,1.5,949.8
101,춘천,2024,8.1,19.1,1016.2,68.7,2150.4,1.4,899.3
102,백령도,2015,9.4,15.1,1016.5,68.7,2490.9,4.1,
102,백령도,2016,9.4,15,1016.5,72.2,2266.4,3.8,
102,백령도,2017,9.3,15,1016.8,71.6,2459.2,4,
102,백령도,2018,8.3,14.1,1016.2,74.2,2219,3.9,703.6
102,백령도,2019,9.3,15.3,1015.5,75,2386.5,4,956.6
102,백령도,2020,9.7,15,1015.6,76.7,2178.2,4.2,900.7
102,백령도,2021,9.7,15.8,1015.3,73.8,2229.3,4,967.3
102,백령도,2022,9.1,14.8,1015.8,72.4,2215.4,4.3,960.4
102,백령도,2023,9.9,15.6,1015.5,75.3,2213.8,4.1,969.5
102,백령도,2024,10.6,16.4,1015.4,,2307.1,3.9,984
104,북강릉,2015,8.8,17.6,1015.6,59.6,2418.5,1.9,685.1
104,북강릉,2016,9.1,17.4,1015.5,67.1,2231.4,1.7,647.4
104,북강릉,2017,8.8,17.3,1015.1,62.8,2505.8,1.8,989.4
104,북강릉,2018,8.5,16.9,1015.8,61.4,2461.6,1.8,977.9
104,북강릉,2019,9.4,17.9,1015,59.7,2458.2,1.7,1011
104,북강릉,2020,8.9,17.5,1014.9,61.7,2422.5,1.7,960.2
104,북강릉,2021,8.8,17.5,1015.2,64.8,2409.4,1.5,923.1
104,북강릉,2022,8.9,17.5,1015.1,61.9,2456.9,1.4,950.7
104,북강릉,2023,9.8,18.2,1015.1,63.4,2438.7,1.4,979.7
104,북강릉,2024,10.2,18.5,1015.3,67.2,2366.3,1.2,888.8
105,강릉,2015,10,18.2,1015.8,56.7,2453,2.3,
105,강릉,2016,10,18.1,1015.7,57.4,2409.4,2.3,487.7
105,강릉,2017,9.9,18.3,1015.3,52.2,2636,2.5,1270.8
105,강릉,2018,9.8,18,1016,55.8,2570.1,2.4,1218.9
105,강릉,2019,10.7,19.4,1015.5,56.5,2559.8,2.4,1226.3
105,강릉,2020,10.4,18.6,1015.5,60.9,2248.3,2.4,1084.7
105,강릉,2021,10.5,19.2,1015.8,62.2,2172.3,2.2,1062.6
105,강릉,2022,10.6,19.3,1015.6,58.8,2315.2,2.3,1100.4
105,강릉,2023,11.4,20,1015.6,60.2,2341.4,2.3,1104.4
105,강릉,2024,11.6,19.5,1015.8,64.7,2261.3,2.1,998.4
106,동해,2015,10.1,18,1015.6,63.3,2265.4,2.5,
106,동해,2016,10.6,18,1015.5,67.1,2238.5,2,
106,동해,2017,10.2,18,1015.1,62.1,2502.3,2.1,
106,동해,2018,9.4,17.1,1015.8,62.8,2416.4,2.1,
106,동해,2019,9.6,17.4,1015.3,62.8,2400.6,2,
106,동해,2020,9.3,16.9,1015.4,64.3,2387,2.1,
106,동해,2021,9.7,17.6,1015.7,66.4,2383.1,2,
106,동해,2022,9.9,17.8,1015.6,63.9,2402.5,2,
106,동해,2023,10.6,18.5,1015.6,65.8,2457.7,1.9,
106,동해,2024,10.9,19.1,1015.8,68.7,2154.1,2.2,736.3
108,서울,2015,9.3,18.7,1016.4,60,2580.3,2.7,616.2
108,서울,2016,9.4,18.5,1016.4,59.2,2497.8,2.3,721
108,서울,2017,8.8,18.1,1016.6,57.8,2606.3,2.2,998.6
108,서울,2018,8.8,17.9,1016.9,57.5,2580.7,1.7,1007.3
108,서울,2019,9.3,18.5,1016.3,56.8,2542.2,2,1044.9
108,서울,2020,9.4,17.9,1016.5,63.4,2263.7,2.4,1000
108,서울,2021,9.6,18.5,1016.3,65.7,2190.1,2.3,990.2
108,서울,2022,9.2,18,1016.3,64.4,2325.2,2.4,998.7
108,서울,2023,10,18.7,1015.8,66.8,2224,2.3,989.7
108,서울,2024,11,19.5,1015.7,66,2231.9,2.3,1001
112,인천,2015,9.9,17,1016.6,78.6,2671.4,3.1,720.4
112,인천,2016,10,17.1,1016.7,75.6,2594.7,3.1,719
112,인천,2017,9.3,16.3,1016.6,66,2751.8,3.1,906.1
112,인천,2018,9.2,16.3,1016.8,65.3,2715.5,3.1,1015.8
112,인천,2019,9.9,17.1,1016.4,65.2,2672.9,2.9,1029.4
112,인천,2020,9.8,16.3,1016.5,66.6,2616.5,3.1,984.8
112,인천,2021,10,17.1,1016.3,62,2573.3,2.9,1052.6
112,인천,2022,9.3,16.3,1016.5,66.1,2472.1,2.9,979.2
112,인천,2023,10.2,17.1,1016.3,68.8,2346.5,2.6,962.4
112,인천,2024,11,18,1016.2,70.1,2414.7,2.6,964.3
114,원주,2015,8.6,19.1,1016.2,65.6,2593.2,1.4,
114,원주,2016,8.8,18.5,1016.2,60.8,2093,1.1,388.3
114,원주,2017,7.3,17.3,1016.4,59.6,2193.9,1,916.3
114,원주,2018,7.7,17.7,1016.7,59.9,2413.9,1.1,955
114,원주,2019,8.1,18.3,1016.3,59.5,2359.3,1,944.3
114,원주,2020,8.2,17.9,1016.5,62.2,2279.5,1.1,900.3
114,원주,2021,8.2,18.2,1016.5,64.4,2286.3,1,891.1
114,원주,2022,7.6,17.7,1016.8,62.4,2401,1.1,898.5
114,원주,2023,8.7,18.7,1016.6,63.9,2303.2,1,919.4
114,원주,2024,10.1,19.5,1016.4,65.5,2260.1,1,899.4
115,울릉도,2015,10.6,16.2,1015.5,68.2,2324.1,3.8,635.8
115,울릉도,2016,10.7,16.3,1015.6,69.7,2121.3,4,550.3
115,울릉도,2017,10.5,16.2,1015.1,65.1,2406.7,3.9,892.9
115,울릉도,2018,10.5,16,1015.7,67.2,2289.9,4.1,852.5
115,울릉도,2019,11.1,16.8,1015.3,68.4,2371.6,3.9,839
115,울릉도,2020,11,16.5,1015.2,73.1,1948.8,3.8,935.8
115,울릉도,2021,11,16.7,1015.1,75.7,1860.1,3.6,905.9
115,울릉도,2022,10.9,16.8,1014.9,74.1,1922.2,3.6,938.2
115,울릉도,2023,11.9,17.8,1014.9,74.9,1986.2,3.9,930.2
115,울릉도,2024,12.2,17.7,1015.4,78.3,1904.1,4.2,849.6
119,수원,2015,8.8,19,1016.6,67.7,2450.3,1.8,635.8
119,수원,2016,9,19.1,1016.7,67.7,2367.2,1.8,669.9
119,수원,2017,7.8,18.3,1016.9,67.4,2606.1,1.8,835.2
119,수원,2018,7.9,18.5,1017.2,67.3,2605.5,1.8,939.9
119,수원,2019,8.2,18.8,1016.7,69.7,2475,1.8,928.6
119,수원,2020,8.5,18,1016.9,75.9,2444.2,2,836.4
119,수원,2021,8.7,18.6,1016.8,72,2434.7,1.9,893.3
119,수원,2022,8.1,18,1017.1,68.5,2564.7,1.9,928
119,수원,2023,8.7,18.6,1016.6,69.5,2345.3,1.9,944.2
119,수원,2024,9.7,19.2,1016.4,70.1,2337.4,1.9,929.7
121,영월,2015,6.7,18.9,1016.5,68.6,2238.3,1.4,
121,영월,2016,7.1,18.6,1016.5,68,2145.9,1.1,
121,영월,2017,6.2,17.9,1016.6,66.8,2332.9,1.1,
121,영월,2018,6.1,18,1017,68.2,2300.6,1.1,
121,영월,2019,6.6,18.7,1016.5,67.8,2117.2,1.1,
121,영월,2020,6.7,18.4,1016.6,68.6,2225,1.1,
121,영월,2021,6.9,18.5,1016.7,69.3,2195.5,1.1,
121,영월,2022,6.1,18.4,1016.9,67,2275.7,1,
121,영월,2023,7,19,1016.8,68.8,2264.7,1,
121,영월,2024,8.3,19.6,1016.6,70.2,2282.7,1.1,
127,충주,2015,7.3,18.7,1016.7,63.3,2306.4,1.6,
127,충주,2016,7.5,19,1016.7,63.8,2035.9,1.5,
127,충주,2017,6.4,18.3,1017,63.3,2386.8,1.5,
127,충주,2018,6.4,18.4,1017.4,65.4,2348.3,1.5,
127,충주,2019,6.7,18.6,1016.8,67.8,2261.9,1.3,
127,충주,2020,6.8,18.1,1016.9,70.2,2222,1.4,
127,충주,2021,7.1,18.4,1016.8,70.3,2260.8,1.4,43.3
127,충주,2022,6.2,18.1,1016.2,68.4,2402.8,1.2,900.5
127,충주,2023,7.4,19,1016,69.3,2217.5,1.2,926.3
127,충주,2024,8.7,19.5,1015.8,71,2173.5,1.3,902.6
129,서산,2015,7.9,18.1,1017.1,78.1,2384.4,2,623.8
129,서산,2016,8.2,18.2,1017.2,81.3,2382.9,2,594.9
129,서산,2017,7.2,17.6,1017.5,78.1,2624.7,2,697.4
129,서산,2018,7.4,17.6,1017.5,72.8,2660,1.9,936.5
129,서산,2019,7.6,18.3,1016.8,72.3,2491.2,1.8,935.4
129,서산,2020,8,18,1016.9,72.7,2385.3,2,896.6
129,서산,2021,8.4,18.8,1016.7,73.7,2418.5,2,919.4
129,서산,2022,7.5,17.6,1016.9,73.3,2318.6,2.1,900.7
129,서산,2023,8.6,18.5,1016.6,73.6,2220.9,2,921.2
129,서산,2024,9.6,19.2,1016.4,75.3,2228.4,2,889.5
130,울진,2015,8.8,17.7,1015.9,68.3,2476.3,2.7,
130,울진,2016,9.2,17.7,1015.9,69.6,2364.4,2.5,
130,울진,2017,8.8,18,1015.6,64.2,2523,2.5,
130,울진,2018,8.6,17.8,1016.2,65.6,2383.6,2.6,
130,울진,2019,9.6,18.7,1015.6,66.4,2529.2,2.5,
130,울진,2020,9.1,18,1015.7,67.1,2462.3,2.5,
130,울진,2021,9.1,18.1,1015.9,69.2,2387.1,2.5,
130,울진,2022,9,18.1,1015.7,64.5,2505,2.5,
130,울진,2023,9.9,18.6,1015.7,66.2,2560.4,2.4,
130,울진,2024,10.5,18.9,1015.9,70.1,2407.2,2.4,
131,청주,2015,9.6,19.2,1016.4,59.1,2411.9,1.4,710.6
131,청주,2016,9.5,18.9,1016.4,58.9,2468.3,1.5,791.5
131,청주,2017,8.9,18.7,1016.6,57.7,2693.5,1.6,1008.2
131,청주,2018,9.1,18.7,1016.8,60.2,2640.8,1.7,1043.2
131,청주,2019,9.7,19.3,1016.5,61.2,2432.2,1.3,1005.6
131,청주,2020,9.7,18.9,1016.8,62.9,2319.9,1.5,979.9
131,청주,2021,9.9,19.3,1016.8,62.5,2372.2,1.5,996.7
131,청주,2022,9.4,19,1016.5,59.5,2535.7,1.4,1025.1
131,청주,2023,10.4,19.8,1016.2,60.8,2170.2,1.3,1012.7
131,청주,2024,11.5,20.4,1016.1,62.8,2115.7,1.4,1006.4
133,대전,2015,9.2,19.4,1016.7,70,2417.9,1.5,623.1
133,대전,2016,9.4,19.4,1016.8,70,2440.1,1.5,772.7
133,대전,2017,8.5,18.9,1017.1,68.2,2632,1.6,1022.5
133,대전,2018,8.8,19,1017.2,68.9,2542.1,1.5,989.9
133,대전,2019,9.2,19.5,1016.9,68.8,2474.3,1.4,986.2
133,대전,2020,9.2,19.2,1017.1,70.8,2394.5,1.4,940.5
133,대전,2021,9.5,19.7,1017,71.8,2354.3,1.5,870.2
133,대전,2022,8.5,19.4,1017,62.3,2342.9,1.9,1033.1
133,대전,2023,9.1,19.8,1016.6,64.6,2309.9,1.5,991
133,대전,2024,10.4,20.3,1016.4,68.2,2281.2,1.8,971.6
135,추풍령,2015,7,17.7,1016.6,66.2,2315.2,2.6,
135,추풍령,2016,7.4,17.9,1016.6,65.8,2309.2,2.6,449.9
135,추풍령,2017,6.6,17.7,1016.6,62.8,2574.7,2.8,1106.9
135,추풍령,2018,6.5,17.5,1016.9,63.5,2527.8,2.8,1069.4
135,추풍령,2019,7.1,17.9,1016.7,62.7,2549.1,2.6,1099.2
135,추풍령,2020,7.1,17.4,1016.3,64.8,2167.5,2.7,1043.9
135,추풍령,2021,7.2,17.7,1016.4,67,2121.8,2.6,1005.4
135,추풍령,2022,6.6,17.6,1016.6,63.4,2338,2.6,1066.4
135,추풍령,2023,7.4,18.4,1016.5,67.2,2284.8,2.3,1035.8
135,추풍령,2024,8.7,18.8,1016.3,70.1,2229,2.4,979
136,안동,2015,7.5,19,1016.3,63.8,2604,1.7,716.3
136,안동,2016,7.9,19.2,1016.4,64.4,2612.6,1.7,793.8
136,안동,2017,7,19,1016.3,62.7,2941.2,1.7,1052.5
136,안동,2018,7.3,18.9,1016.7,65,2698.4,1.6,1078
136,안동,2019,7.4,18.9,1016.6,65.3,2550.3,1.5,1018.3
136,안동,2020,7.3,18.6,1016.9,65.8,2488,1.6,991.5
136,안동,2021,7.5,18.7,1017.2,66.8,2414.5,1.6,956.7
136,안동,2022,6.9,18.8,1017.2,62.3,2635.6,1.6,1035.2
136,안동,2023,7.8,19.4,1017.2,67.8,2358.9,1.5,996.1
136,안동,2024,9.1,20,1017.1,71.1,2285.3,1.5,949.4
137,상주,2015,8.7,19.5,1016.4,61.8,2435.6,1.5,
137,상주,2016,9,19.6,1016.5,62.5,2220.7,1.5,
137,상주,2017,8.2,19.3,1016.5,59.1,2508.2,1.7,
137,상주,2018,8,19.1,1016.8,61.5,2401.1,1.6,
137,상주,2019,8.3,19.2,1016.5,66.7,2310.5,1.4,
137,상주,2020,8.2,18.8,1016.7,69.2,2271.9,1.4,
137,상주,2021,8.2,19,1016.8,71.1,2238.5,1.4,59.5
137,상주,2022,8,19.3,1016.1,64,2410.6,1.4,978.5
137,상주,2023,8.7,19.8,1015.8,67.3,2331,1.3,967.3
137,상주,2024,9.9,20.1,1015.7,70.2,2311,1.2,920.9
138,포항,2015,11.2,18.9,1016.1,65.4,2353.3,2.7,745.5
138,포항,2016,11.7,19.2,1016.1,65,2353.1,2.6,729.3
138,포항,2017,11.1,19.4,1015.9,60.3,2755.2,2.7,942.1
138,포항,2018,11.1,19,1016.5,63.6,2595.4,2.8,1018
138,포항,2019,11.8,19.8,1016.1,64,2539.3,2.6,1049.5
138,포항,2020,11.4,19.4,1016.3,63.3,2557.2,2.7,1077.5
138,포항,2021,11.5,19.2,1016.5,64.3,2494.2,2.7,1042
138,포항,2022,11.2,19.5,1016.4,60.7,2640,2.7,1123.8
138,포항,2023,12,19.8,1015.9,60.5,2466.9,2.8,1178.6
138,포항,2024,12.7,20,1015.6,64,2346.5,2.9,1106.3
140,군산,2015,9.4,18.1,1016.7,81.8,2307.2,2.1,
140,군산,2016,9.8,18.6,1016.7,81.7,2351.7,2.1,
140,군산,2017,8.8,18.2,1017,76.3,2550.1,2.2,
140,군산,2018,9,18.1,1017,75.3,2566.9,2,
140,군산,2019,9.3,18.4,1016.7,75.2,2478,,
140,군산,2020,9.4,18.2,1016.9,75.2,2325.3,2.1,
140,군산,2021,9.8,18.9,1017.2,75.5,2390.1,2,
140,군산,2022,8.9,18.1,1017.6,72.6,2371,2.3,
140,군산,2023,9.7,18.9,1017.3,73.6,2302.9,2.2,
140,군산,2024,10.8,19.4,1017.1,76.6,2202.9,2.2,
143,대구,2015,10.2,20.1,1016.3,64.6,2362,2.1,
143,대구,2016,10.1,19.8,1015.7,63.7,2277.3,2.1,489.8
143,대구,2017,9.3,20.1,1016,58.3,2621.6,2.2,1177
143,대구,2018,9.2,19.6,1016.6,58.7,2495.3,2.2,1124.6
143,대구,2019,9.9,20.3,1016.1,60.7,2440.5,2,1088.6
143,대구,2020,9.8,20,1016.4,63.4,2420.8,2.3,1104.6
143,대구,2021,9.8,20.2,1016.5,65.4,2380.7,2.3,1074.6
143,대구,2022,9.6,20.4,1016.5,63.6,2591.3,2.3,1112.6
143,대구,2023,10.2,20.7,1016.3,63.2,2424.1,2.2,1110.2
143,대구,2024,11.3,21.2,1016.1,64.9,2339.3,2.2,1088.4
146,전주,2015,9.7,19.6,1016.5,69.7,2192.8,1.6,581.5
146,전주,2016,10.2,19.4,1016.5,72.4,2170.1,1.8,748.9
146,전주,2017,9.2,19,1016.9,70,2428,1.7,968.5
146,전주,2018,9.5,19.3,1016.9,74.1,2461.6,1.7,954.6
146,전주,2019,9.7,19.5,1016.5,74.1,2319.3,1.6,923.9
146,전주,2020,9.7,19.2,1016.7,68.7,2239.2,1.6,918.4
146,전주,2021,10.1,19.9,1016.4,68.4,2268.6,1.6,926
146,전주,2022,9.5,19.4,1016.8,66.2,2396.9,1.6,944.6
146,전주,2023,10.3,20.1,1016.6,68.2,2350.9,1.6,941.3
146,전주,2024,11.6,20.8,1016.3,71.3,2330.6,1.6,909.3
152,울산,2015,10.8,19.8,1016.1,64.9,2231.5,2.2,
152,울산,2016,10.8,19.4,1015.9,69.9,2371.2,2.1,
152,울산,2017,10.1,19.4,1015.7,63.9,2722.1,2.2,
152,울산,2018,10.2,19,1016.2,66.3,2579.9,2.2,
152,울산,2019,10.7,19.7,1015.7,65.9,2605.8,2.1,
152,울산,2020,10.6,19.3,1015.9,67.4,2547.6,2.2,
152,울산,2021,10.8,19.6,1015.9,68.2,2502.6,2.1,
152,울산,2022,10.5,19.5,1015.9,61.4,2615.9,2.1,
152,울산,2023,10.8,19.8,1015.6,63.8,2392.3,2.2,1032.5
152,울산,2024,11.6,20.1,1015.5,67.2,2326,2.2,1029.7
155,창원,2015,10.8,19.4,1016.1,65.5,2376.9,1.7,
155,창원,2016,11.1,19.6,1016,67.2,2263.1,1.6,463.7
155,창원,2017,10.5,20,1016,63.3,2580,1.6,1082.3
155,창원,2018,10.1,19.1,1016.3,67.3,2298.6,1.6,983.8
155,창원,2019,10.5,19.7,1015.8,62.1,2416.5,1.6,920.9
155,창원,2020,10.5,19.3,1016.1,62.5,2416.5,1.6,981.1
155,창원,2021,10.8,19.9,1015.9,62.4,2463.6,1.4,976.4
155,창원,2022,10.5,19.7,1015.9,58.3,2530.2,1.5,1010.8
155,창원,2023,11,20.2,1016,63.8,2428,1.4,955.2
155,창원,2024,12.3,21.1,1015.8,67.3,2367.5,1.7,982.2
156,광주,2015,10.4,19.8,1016.7,69.2,2234.9,1.6,
156,광주,2016,10.9,20.1,1016.7,71.9,2144.2,1.6,437.3
156,광주,2017,10.2,20.1,1017,68.7,2376.4,1.6,982.3
156,광주,2018,10.3,20.1,1016.9,70.6,2372.5,1.6,979.4
156,광주,2019,10.5,20,1016.6,69.2,2290.1,1.5,953.8
156,광주,2020,10.5,19.6,1016.9,70.9,2225.1,1.6,938.8
156,광주,2021,10.8,20.3,1016.5,72.6,2214.9,1.4,926
156,광주,2022,10.5,20.2,1016.8,69.2,2362.2,1.4,946.9
156,광주,2023,11,20.5,1016.7,74,2211.5,1.2,917.8
156,광주,2024,12,20.9,1016.4,75.3,2187.7,1.3,882.3
159,부산,2015,12.2,19.5,1016,67.3,2534.8,3.1,575.3
159,부산,2016,12.5,19.8,1015.9,66.1,2514.9,3.1,744.3
159,부산,2017,11.7,19.6,1015.9,60.3,2718.1,3.2,1143.5
159,부산,2018,11.8,19.2,1016.2,63.2,2667.8,3.2,812
159,부산,2019,12.5,19.8,1015.7,62.9,2691.3,3.1,1157.1
159,부산,2020,11.9,19.4,1015.6,63.7,2441.4,3.2,1127.4
159,부산,2021,12.4,19.9,1015.3,64.9,2374.6,3.1,1115.4
159,부산,2022,12,19.8,1015.4,63.7,2491.2,3.2,1134.9
159,부산,2023,12.8,20.2,1015.5,63.1,2395.8,3.2,1165.2
159,부산,2024,13.4,20.9,1015.3,66.3,2368.5,3.3,1133.2
162,통영,2015,11.3,19.3,1016.3,73.4,2315.5,2.3,
162,통영,2016,11.9,19.5,1016.3,71,2246.2,2.4,
162,통영,2017,11.1,19.4,1016.3,69.3,2604.5,2.4,
162,통영,2018,11.2,19.2,1016.6,70.3,2400,2.4,
162,통영,2019,11.6,19.8,1016.1,69,2416,2.3,
162,통영,2020,11.5,19.3,1016.4,72.7,2412.7,2.5,
162,통영,2021,11.9,20.1,1016.3,72.8,2496.5,2.4,
162,통영,2022,11.4,19.7,1016.4,68.8,2588.9,2.4,
162,통영,2023,11.9,20.1,1016.3,70.8,2274.6,2.5,958.4
162,통영,2024,12.6,20.6,1015.9,71.5,2307.1,,984.2
165,목포,2015,11,18.6,1016.7,79.8,2218.3,3,647.4
165,목포,2016,11.5,18.8,1016.8,82.1,2157.8,3.1,667.5
165,목포,2017,10.8,18.5,1017.2,81.3,2432,3.5,804.5
165,목포,2018,11.1,18.4,1017,76.1,2397.5,3.4,969.6
165,목포,2019,11.1,18.2,1016.6,72.3,2390.7,3.4,975.3
165,목포,2020,11,17.5,1016.8,74.2,2318.6,3.6,952.9
165,목포,2021,11.8,18.9,1016.7,73.6,2443.1,3.4,1009.1
165,목포,2022,11.1,18.2,1016.9,72,2319.2,3.7,1031.8
165,목포,2023,11.6,18.8,1016.7,75.3,2119.2,3.5,985.9
165,목포,2024,12.6,19.5,1016.4,77.3,2127.6,3.5,952.2
168,여수,2015,12.1,18.2,1016,60.3,2450.1,3.9,685.4
168,여수,2016,12.5,18.6,1016,62.4,2371.6,3.9,682.4
168,여수,2017,11.9,18.8,1016.2,63.5,2686.3,3.9,1085.8
168,여수,2018,12,18.4,1016.3,68.3,2570.3,3.9,1026.1
168,여수,2019,12.5,19,1015.8,67.5,2556.9,3.8,1049.2
168,여수,2020,12.2,18.6,1016.2,67.8,2504.9,3.9,1062.1
168,여수,2021,12.7,19.2,1016.3,67.3,2642.2,3.9,1114.3
168,여수,2022,12.1,18.8,1016.3,63.3,2522,4,1219.7
168,여수,2023,12.6,19.1,1016.3,68.5,2331.9,3.6,1096.6
168,여수,2024,13.4,19.7,1016.1,69.6,2385.4,4,1135.7
169,흑산도,2015,11.3,16.7,1016.4,80.6,2031.1,4.9,
169,흑산도,2016,11.3,16.9,1016.4,86.2,1922.9,5,390.4
169,흑산도,2017,10.8,17.2,1016.8,86.5,2133.5,5,799.7
169,흑산도,2018,11.4,17.2,1016.6,81.6,1830.1,5.1,814.6
169,흑산도,2019,11.7,17.4,1016.3,77.3,2104.4,5,934.6
169,흑산도,2020,11.8,17.4,1016.5,80.2,1984.1,5.4,826.2
169,흑산도,2021,12.8,18.7,1016.1,79.7,2097.7,5.1,930.7
169,흑산도,2022,11.6,17.3,1016.6,79.2,2015.7,5.5,874
169,흑산도,2023,11.8,17.6,1016.3,81.4,1946.4,5.2,830.7
169,흑산도,2024,13.3,19.3,1016.1,79.3,2145.1,5.7,978.7
170,완도,2015,10.9,18.9,1016.5,75.2,2254.6,2.8,
170,완도,2016,11.6,19.2,1016.5,80.4,2052.6,2.5,
170,완도,2017,11,19.6,1016.8,75.1,2311,2.4,
170,완도,2018,11.1,19.2,1016.7,74.1,2210.1,2.4,
170,완도,2019,11.3,19.5,1016.3,71.2,2144.4,2.3,
170,완도,2020,11.3,19.1,1016.7,72.4,2144,2.4,
170,완도,2021,11.9,19.9,1016.5,72.6,2289.8,2.5,
170,완도,2022,11.4,19.8,1016.8,69.2,2318.8,2.2,
170,완도,2023,11.8,20.2,1016.7,74.3,2218.4,,
170,완도,2024,12.6,21.5,1016.5,74.5,2140.7,2.5,836.9
172,고창,2015,8.8,18.7,1017,80.6,2025.7,2.5,
172,고창,2016,9.7,19.1,1016.9,82,2063.5,2.7,436.2
172,고창,2017,8.1,18.7,1017.3,81.2,2414.3,2.5,747.5
172,고창,2018,8.5,18.8,1017.2,79.6,2394.3,2.7,775.1
172,고창,2019,8.6,18.9,1016.9,76.1,2318.1,2.4,824.6
172,고창,2020,8.9,18.6,1017.2,76.9,2130.2,2.8,764.9
172,고창,2021,9.2,19.6,1016.6,72.8,2148,2.7,1052
172,고창,2022,8.4,19,1017,69.6,2192.9,2.8,1097.2
172,고창,2023,,,,,2078.9,,1010.2
172,고창,2024,,,,,2002.4,,906
174,순천,2015,8.1,19.3,1016.2,70.7,2152.4,1.7,
174,순천,2016,9,19.7,1016.1,68.1,2082.9,1.7,
174,순천,2017,7.1,19.3,1016.4,70.3,2381.8,1.8,
174,순천,2018,7.3,18.8,1016.5,76,2290.5,1.8,
174,순천,2019,7.9,19.3,1016,74.4,2254.8,1.9,
174,순천,2020,8,18.9,1016.1,74.1,2090.9,2.1,
174,순천,2021,8.2,19.8,1015.6,75.6,2163.4,1.9,
174,순천,2022,7.7,19.6,1015.7,70,2248.5,2,
174,순천,2023,8.2,19.8,1016.2,76.2,2099.7,1.8,
174,순천,2024,8.9,19.7,1015.5,78.3,2093.8,1.7,
175,진도(첨찰산),2015,8.6,16.5,1016.3,78.2,2280.7,4.7,
175,진도(첨찰산),2016,9.3,17,1016.3,80,2033,4.8,
175,진도(첨찰산),2017,9,17.4,1016.6,72.5,2311.6,4.7,
175,진도(첨찰산),2018,9.1,17.1,1016.6,77,2206.8,4.3,
175,진도(첨찰산),2019,,,,,1345.5,,
176,대구(기),2015,,,,,1137,,
177,홍성,2015,,,,,197.5,,
177,홍성,2016,8.1,18.7,1015.9,76.9,2558.1,1.6,353.7
177,홍성,2017,7.3,18.1,1016.3,75.3,2531.2,1.6,910.4
177,홍성,2018,7.3,17.8,1016.9,78.3,2556.2,1.5,862.1
177,홍성,2019,7.5,18.3,1016.4,74,2436.5,1.4,880.5
177,홍성,2020,8,18,1016.9,73.8,2356.9,1.6,868.6
177,홍성,2021,8.3,18.7,1016.7,75,2341.8,1.5,874.3
177,홍성,2022,7.5,18.2,1017.1,73.3,2511,1.6,906.4
177,홍성,2023,8.7,19,1016.8,75.6,2406.5,1.6,891.5
177,홍성,2024,9.7,19.5,1016.6,77.7,2357.6,1.6,843.9
181,서청주,2023,7.5,19.2,1016.5,71.3,2254.9,1.7,1009.4
181,서청주,2024,8.6,19.4,1016.3,73.6,2219.3,1.6,921.1
184,제주,2015,14.1,19.8,1016.5,70.9,1826.6,3,659.8
184,제주,2016,14.4,20.2,1016.6,71.9,1718.4,3.1,757.2
184,제주,2017,14,20,1017,67.5,1981.3,3.1,1067.1
184,제주,2018,13.9,19.8,1016.7,71.1,1939.7,3.1,992.9
184,제주,2019,14.2,19.9,1016.5,69.8,1909.9,3,997.3
184,제주,2020,14,20,1016.9,69.2,1890.3,3.1,1016.3
184,제주,2021,14.6,21,1016.6,70.7,1965.3,3.3,1050.7
184,제주,2022,14.1,20.5,1017,71.3,2012.2,3.4,1043.6
184,제주,2023,14.5,21,1016.5,69.3,1936.1,3.3,1068.9
184,제주,2024,15.4,21.4,1015.8,67.5,1754.8,3.4,1058.4
185,고산,2015,13.2,18.5,1016.4,77.7,2075.3,6.2,
185,고산,2016,13.8,19.2,1016.4,78.6,1911.3,6.3,459.2
185,고산,2017,13.4,19.1,1016.6,77.2,2230.2,6.5,891.7
185,고산,2018,13.6,19.2,1016.1,79.5,2237.6,,950
185,고산,2019,13.7,19.2,1015.9,78.3,2236,5.4,959.7
185,고산,2020,13.6,19,1016.4,79.3,2189.8,6.5,972.3
185,고산,2021,14.3,20.3,1016,80.3,2335.3,6.7,1010.8
185,고산,2022,13.9,19.4,1016.4,77.3,2388.1,6.6,1047
185,고산,2023,14.2,19.4,1016.1,75.8,1933.7,6.4,1106.8
185,고산,2024,15,19.9,1015.7,77.1,1871.8,6.2,1107.9
188,성산,2015,12.2,19.3,1016,75.7,2105.6,2.9,
188,성산,2016,13.1,19.8,1016,76.4,1915.7,3,
188,성산,2017,12.3,19.8,1016.4,70.6,2255.5,3.1,
188,성산,2018,12.3,19.3,1016.5,74,2139.4,3.1,
188,성산,2019,12.5,19.8,1016.2,70.9,2187.6,3.1,1.6
188,성산,2020,12.6,19.5,1016.7,70.6,2208.2,2.7,
188,성산,2021,13.3,20.4,1016.4,72,2244.6,2.8,
188,성산,2022,12.8,19.7,1016.5,72.4,1955.9,3.2,
188,성산,2023,13.3,20.4,1016.5,75.8,1972.7,3,
188,성산,2024,14.1,20.9,1016.2,77.2,1849.8,3.1,
189,서귀포,2015,13.9,20,1015.6,72.6,2233.6,2.1,
189,서귀포,2016,14.3,20.1,1015.6,75.7,1976,1.7,
189,서귀포,2017,14,20.3,1015.9,72.3,2323.8,1.8,
189,서귀포,2018,13.9,20,1015.6,78.7,2022.9,1.8,
189,서귀포,2019,14.4,20.5,1015.5,77.9,2239.9,1.8,
189,서귀포,2020,13.9,19.9,1016.2,78.9,2166.9,1.7,
189,서귀포,2021,14.7,20.7,1016,75.9,2313,1.9,
189,서귀포,2022,14.4,20.4,1016.2,73.6,2266.8,1.7,
189,서귀포,2023,14.8,20.8,1016.4,73.2,2183.7,1.7,
189,서귀포,2024,15.5,21.7,1015.9,71.8,2046,1.9,775.1
192,진주,2015,8,19.6,1016.5,68.1,2460.4,1.1,161.2
192,진주,2016,8.6,19.9,1016.5,66.3,2282.4,1.1,332.8
192,진주,2017,7.5,20.3,1016.5,61.2,2616.3,1.2,845.2
192,진주,2018,7.7,19.8,1016.7,65.1,2427.1,1.1,909.8
192,진주,2019,8.3,20.5,1016.2,69.3,2620.9,1,954.8
192,진주,2020,8.3,20,1016.5,71.3,2524.6,1,926.5
192,진주,2021,8.5,20.5,1016.5,72.8,2582.6,1,936.2
192,진주,2022,8,20.4,1016.5,66.8,2704.3,1,971.9
192,진주,2023,8.8,20.7,1016.5,72.2,2386,.9,922.1
192,진주,2024,9.8,21.2,1016.2,74.6,2478.4,.8,909.2
201,강화,2015,7.1,17.1,1016.7,66.3,2381.3,2.1,
201,강화,2016,7.4,17.2,1016.8,64.4,2291,2,
201,강화,2017,6.6,16.5,1017,65.3,2434.2,2.1,
201,강화,2018,6.5,16.4,1017.3,66,2432.2,2,
201,강화,2019,7.1,17.4,1016.8,66.3,2472.6,2,
201,강화,2020,7.3,16.6,1017.2,71.7,2227.6,2,
201,강화,2021,7.6,17.3,1017.2,73.9,2233.1,1.8,
201,강화,2022,6.8,16.4,1017.5,73.9,2352.1,1.9,
201,강화,2023,7.6,16.9,1017.2,75.8,2152.4,1.8,
201,강화,2024,8.4,17.7,1017.1,74.6,2258.6,1.9,
202,양평,2015,7.6,18.9,1016.6,67.3,2228.2,1.5,
202,양평,2016,7.9,18.8,1016.7,65.8,2141.7,1.5,
202,양평,2017,6.8,18.1,1016.8,63.2,2316.8,1.6,
202,양평,2018,6.8,18.2,1017.1,63.2,2319.8,1.5,
202,양평,2019,7.4,18.8,1016.7,64.5,2202.7,1.4,
202,양평,2020,7.7,18.1,1017.3,70.2,2168.6,1.3,
202,양평,2021,7.9,18.3,1017.4,71.9,2140,1.3,
202,양평,2022,7.3,17.9,1017.7,68.7,2173.5,1.2,
202,양평,2023,8.2,18.6,1017.1,69.4,2155.4,1.2,
202,양평,2024,9.4,19.2,1016.6,70.5,2146.5,1.2,
203,이천,2015,6.8,18.7,1016.6,62.4,2372,1.4,
203,이천,2016,7.2,19,1016.7,62.6,2311.3,1.3,
203,이천,2017,5.9,18.2,1016.9,62.1,2498,1.4,
203,이천,2018,6,18.3,1017.4,64.5,2502.9,1.4,
203,이천,2019,6.6,18.9,1017,66.9,2283.1,1.3,
203,이천,2020,7.3,18.4,1017.2,72.5,2067.3,1.2,
203,이천,2021,7.3,18.8,1017.1,72.8,2034.6,1.1,
203,이천,2022,6.6,18.4,1017.4,70.7,2085.2,1.1,
203,이천,2023,7.6,19.1,1017.3,73.1,2003.3,1,
203,이천,2024,8.8,19.7,1017.3,74.8,1860.7,1,
211,인제,2015,5.8,17.6,1016.6,67.5,2260.6,1.8,
211,인제,2016,6,17.4,1016.6,65,2191.3,1.8,
211,인제,2017,5.2,16.8,1016.7,62.1,2240.3,1.7,
211,인제,2018,4.8,16.5,1017.2,65.3,2273,1.8,
211,인제,2019,5.8,17.6,1016.7,67.2,2083.9,1.6,
211,인제,2020,6.2,17.3,1016.8,69,1901.8,1.6,
211,인제,2021,6.3,17.6,1016.9,70.2,1896.5,1.5,
211,인제,2022,5.5,17.3,1016.9,68.9,1946.1,1.5,
211,인제,2023,6.5,18.1,1016.8,71.3,1945.3,1.3,
211,인제,2024,7.5,18.6,1016.7,72.2,1813.5,1.5,
212,홍천,2015,6.6,19,1016.7,64.8,2459.6,1.2,
212,홍천,2016,6.9,18.9,1016.7,65.5,2378.1,1.2,
212,홍천,2017,5.7,18,1016.7,65.3,2502.4,1.2,
212,홍천,2018,5.6,18,1017.1,67.3,2513.4,1.2,
212,홍천,2019,6.6,19,1016.5,67.3,2275.7,1.1,
212,홍천,2020,6.3,18,1016.8,69.3,2105.5,1.2,
212,홍천,2021,6.5,18.2,1017,69.9,2018.8,1.1,
212,홍천,2022,5.7,17.7,1017.2,68.6,1963.5,1,
212,홍천,2023,6.9,18.5,1017.1,71,1989.4,.9,
212,홍천,2024,8,19.1,1016.9,72,1959.8,.9,
216,태백,2015,4.8,15.4,1015.7,66.6,1989.2,1.6,
216,태백,2016,4.8,15.3,1015.6,69.4,1950.1,1.6,
216,태백,2017,3.9,14.5,1015.5,65.3,2133,1.6,
216,태백,2018,4.2,14.8,1016,66.9,2064.6,1.6,
216,태백,2019,4.8,15.6,1015.6,67.3,2102.6,1.5,
216,태백,2020,4.9,15,1015.7,68.4,2022.1,1.5,
216,태백,2021,4.8,14.9,1016,69.1,1852.3,1.4,
216,태백,2022,3.8,15,1016.1,65.8,2084,1.3,
216,태백,2023,4.6,15.8,1016,67.4,2070.6,1.3,
216,태백,2024,5.6,16.6,1016.1,70.2,1509.9,1.4,558.6
217,정선군,2015,6.3,17.9,1016.6,64,2036.7,1.7,
217,정선군,2016,6.5,17.9,1016.7,64.4,1986.1,1.5,
217,정선군,2017,5.5,17.3,1016.7,63.8,2034.9,1.7,
217,정선군,2018,5.4,17.2,1017.2,65.7,1889.6,1.7,
217,정선군,2019,5.9,17.9,1016.7,65.3,1753.9,1.7,
217,정선군,2020,6,17.4,1016.8,74.2,1928.5,1.8,
217,정선군,2021,6.3,17.8,1016.9,67,1679.8,1.7,
217,정선군,2022,5.4,17.5,1017,63.1,1805.9,1.5,
217,정선군,2023,5.6,18.6,1016.9,65.5,1846.5,1.4,
217,정선군,2024,6.5,19.4,1016.7,67.7,1639.1,1.3,
221,제천,2015,5.1,17.8,1016.6,68,2242.7,1.5,
221,제천,2016,5.4,17.8,1016.7,67.6,2135.1,1.4,
221,제천,2017,4.3,17.2,1016.4,66.3,2319.6,1.6,
221,제천,2018,4.5,17.4,1016.7,66.9,2337.5,1.6,
221,제천,2019,4.9,18.2,1016.6,66.6,2207.7,1.5,
221,제천,2020,5.3,17.1,1017,72.7,2152.3,1.3,
221,제천,2021,5.6,17.4,1016.9,73.9,2189.8,1.2,
221,제천,2022,4.5,17,1016.4,72.8,2294,1.2,
221,제천,2023,5.8,17.7,1016.6,74.6,2310.8,1.2,
221,제천,2024,7.1,18.3,1016.5,75.9,2188.6,1.3,
226,보은,2015,6.4,18.6,1016.8,69.8,2097.8,1.4,
226,보은,2016,6.7,18.8,1016.9,68.6,2077.7,1.4,
226,보은,2017,5.5,18.4,1017.1,67.5,2285.6,1.4,
226,보은,2018,5.7,18.5,1017.3,70.4,2257.5,1.3,
226,보은,2019,6.1,19,1016.6,70.7,2126.8,1.3,
226,보은,2020,6.3,18,1016.9,74.5,2059.9,1.1,
226,보은,2021,6.7,18.4,1016.8,75.4,2067.7,1.2,
226,보은,2022,6,17.9,1016.7,71.7,2284.6,1.1,
226,보은,2023,7.1,18.7,1016.5,74.3,2218.1,1.2,
226,보은,2024,8.5,19.2,1016.4,75.6,2074.1,1.2,
232,천안,2015,7.9,18.8,1016,71.7,2124.7,1.9,
232,천안,2016,7.4,18.6,1016.5,69.9,2223.8,1.5,
232,천안,2017,6.1,18,1016.9,64.1,2473.1,1.5,
232,천안,2018,6.2,18,1017.1,65.3,2396.4,1.6,
232,천안,2019,6.3,18.1,1016.6,,2256.6,1.3,
232,천안,2020,7,18,1017.2,74.8,2185.3,1.3,
232,천안,2021,7.2,18.5,1017.4,75.6,2177.3,1.3,
232,천안,2022,6.4,18.1,1016.9,73.6,2320.6,1.2,
232,천안,2023,7.7,19,1016.8,73.6,2134.1,1.2,
232,천안,2024,8.8,19.4,1016.8,74.8,2195.4,1.2,
235,보령,2015,9.2,18,1016.5,76.9,2298.6,1.7,
235,보령,2016,9.5,18.3,1016.5,78.3,2245.2,1.5,
235,보령,2017,8.5,17.5,1016.9,78.8,2413.2,1.5,
235,보령,2018,8.8,17.6,1016.7,76,2289.9,1.5,
235,보령,2019,8.9,18.1,1015.9,70.4,1977.5,1.4,
235,보령,2020,9.1,17.7,1016,72.8,1962.5,1.6,
235,보령,2021,9.6,18.5,1015.8,71.6,2211.8,1.6,
235,보령,2022,8.8,17.9,1016.2,70.3,2172.9,1.6,
235,보령,2023,9.7,18.7,1016,71.8,2255.3,1.5,
235,보령,2024,10.6,19.8,1015.7,74.7,2163.1,1.9,818.3
236,부여,2015,7.8,19,1016.7,75.7,2081.7,1.3,
236,부여,2016,8.2,19.4,1016.8,74.3,2082.5,1.3,
236,부여,2017,7,18.9,1017.1,71.1,2313.9,1.3,
236,부여,2018,7.3,19.1,1017.2,71.4,2344,1.3,
236,부여,2019,7.4,19.5,1017,72,2172.6,1.3,
236,부여,2020,7.7,18.9,1017.6,75.1,2081.3,1.2,
236,부여,2021,8.1,19.5,1017.3,75.4,2113.2,1.1,
236,부여,2022,7.3,19.1,1016.7,73.1,2334.4,,
236,부여,2023,8.4,19.9,1016.5,75,2205.7,1.1,
236,부여,2024,9.5,20.3,1016.4,77,2187,1,
238,금산,2015,7.1,18.8,1016.6,73.1,2022.2,1.2,
238,금산,2016,7.3,19,1016.7,71.8,2070.1,1.2,
238,금산,2017,6,18.5,1016.9,68.6,2250,1.3,
238,금산,2018,6.2,18.6,1017,68.3,2265.5,1.3,
238,금산,2019,6.6,19.2,1016.8,68.7,2110.6,1.2,
238,금산,2020,7.2,18.7,1017.2,73.7,2062,1.2,
238,금산,2021,7.5,19.2,1017,73.9,2119.3,1.2,
238,금산,2022,6.4,18.7,1016.6,70,2264.3,1.1,
238,금산,2023,7.4,19.3,1016.4,73.3,2170.2,1.1,
238,금산,2024,8.9,20.1,1016.2,74.7,2165.5,1.1,
239,세종,2019,,,,,1221.7,,
239,세종,2020,8.5,18.5,1017,66.7,2176,1.4,
239,세종,2021,8.8,18.9,1016.5,66.8,2179,1.4,
239,세종,2022,8.1,18.7,1016.7,64.3,2308.9,1.3,
239,세종,2023,9,19.3,1016.5,69.3,2114.7,1.4,914
239,세종,2024,10.1,19.8,1016.3,72.3,2093.5,1.4,905.5
243,부안,2015,9.2,18.7,1016.8,71.6,2107.5,1.7,
243,부안,2016,9.5,19,1016.9,72.2,2102.3,1.7,
243,부안,2017,8.6,18.7,1017.3,70.3,2322.7,1.7,
243,부안,2018,8.8,18.8,1017.2,71.1,2348.2,1.7,
243,부안,2019,9.1,19.1,1017,72.5,2386.6,1.6,
243,부안,2020,9.4,18.5,1017.1,77.8,2111.3,1.6,
243,부안,2021,9.6,19.3,1016.8,76.3,2143.3,1.5,
243,부안,2022,9,18.8,1016.8,73,2286.7,,
243,부안,2023,9.9,19.5,1016.6,74.8,2163.9,1.5,
243,부안,2024,11,20.2,1016.4,76.3,2141.3,1.5,
244,임실,2015,6.5,18.6,1016.8,71.8,1964.9,1.3,
244,임실,2016,7,19.1,1016.9,72.4,1965.9,1.3,
244,임실,2017,5.6,18.6,1017.2,70.5,2182.1,1.2,
244,임실,2018,6,18.8,1017.1,71.3,2205.6,1.2,
244,임실,2019,6.4,19.1,1016.7,72.1,2095.8,1.3,
244,임실,2020,6.9,18,1017.2,77.6,1986.3,1.1,
244,임실,2021,7.2,18.7,1016.8,76.7,2080.1,1.1,
244,임실,2022,6.4,18.5,1016.5,72.3,2166.9,1.1,
244,임실,2023,7.8,19.3,1016.3,74.8,2069.1,1.1,
244,임실,2024,8.9,19.8,1016.1,76.9,2048.2,1.1,
245,정읍,2015,9.5,19.7,1016.7,74.5,1690,1.4,
245,정읍,2016,9.7,19.7,1016.8,72.3,2248.8,1.4,
245,정읍,2017,8.1,18.8,1017,73.1,2415.3,1.5,
245,정읍,2018,8.4,18.7,1016.9,78.6,2391.5,1.6,
245,정읍,2019,8.5,18.8,1016.6,75.3,2023.6,,
245,정읍,2020,8.8,18.5,1016.7,71.8,1997.8,1.6,
245,정읍,2021,9.1,19.2,1016.4,71.3,2236,1.6,
245,정읍,2022,8.5,18.6,1016.8,69.3,2363.8,1.6,
245,정읍,2023,9.5,19.6,1016.6,70.2,2247.9,1.5,
245,정읍,2024,10.7,20.7,1016.3,74,2158.6,1.8,795.4
247,남원,2015,7.8,18.8,1016,68,2148.7,1.8,
247,남원,2016,8.5,19.3,1016,67.6,2176.3,1.7,
247,남원,2017,7.2,19.2,1016.5,65.1,2362.1,1.6,
247,남원,2018,7.7,19.2,1016.9,66.8,2418.1,1.7,
247,남원,2019,8,19.6,1016.6,67.9,2315.4,1.6,
247,남원,2020,8.1,19.1,1017.1,73.4,2162.1,1.7,
247,남원,2021,8.3,19.6,1017,73.3,2214,1.8,
247,남원,2022,7.3,19.1,1017.2,69.1,2355.3,1.7,
247,남원,2023,8.6,19.9,1017.1,71.7,2143.6,1.6,
247,남원,2024,9.9,20.5,1016.7,74.3,2160.4,1.7,
248,장수,2015,5.9,17.9,1016.5,74.8,1965,1.7,
248,장수,2016,6.1,18,1016.6,74.3,2013.2,1.7,
248,장수,2017,4.8,17.5,1016.9,71.3,2187.8,1.7,
248,장수,2018,5.2,17.7,1016.9,70.4,2194.7,1.7,
248,장수,2019,5.6,18,1016.6,71.3,2098.2,1.5,
248,장수,2020,6,17.3,1016.8,78.4,1988.7,1.5,
248,장수,2021,6,17.9,1016.7,77.4,1959.2,1.4,
248,장수,2022,5.1,17.6,1016.9,72.2,2156.4,1.4,
248,장수,2023,6.3,18.3,1016.8,75.3,2032,1.4,
248,장수,2024,7.6,18.8,1016.5,77.3,1928.6,1.3,
251,고창군,2015,9.3,19.5,1016.2,72.1,1982.2,1.6,
251,고창군,2016,9.7,19.8,1016.2,74.3,1972.9,1.7,451.9
251,고창군,2017,8.3,19.4,1016.6,73.8,2164.6,1.6,908.5
251,고창군,2018,7.9,18.7,1016.5,72.8,2176.8,2,702.6
251,고창군,2019,8.3,18.9,1016.1,71.9,2218.9,1.5,891.1
251,고창군,2020,8.7,18.7,1016.3,71.7,2110.1,1.6,888.2
251,고창군,2021,9.1,19.6,1016.4,71,2160.2,1.5,949.3
251,고창군,2022,8.3,19.1,1016.7,71.3,2291.3,1.6,931.9
251,고창군,2023,9.2,19.8,1016.4,73.8,1941,1.5,919.1
251,고창군,2024,10.3,20.5,1016,75.8,1887.9,1.5,898.5
252,영광군,2015,8.9,18.8,1016.6,73.8,2360.9,2.3,
252,영광군,2016,9.2,18.8,1016.7,73.6,2351.9,2.3,484.7
252,영광군,2017,8,18.6,1017.1,71.9,2564,2.2,999.9
252,영광군,2018,8.4,18.7,1017,73.8,2548.7,2.1,990.1
252,영광군,2019,8.6,18.6,1016.8,75.8,2341.2,1.7,857
252,영광군,2020,9,18.4,1017.1,75.9,2250.8,1.7,875.3
252,영광군,2021,9.4,19.4,1016.7,73.8,2284,1.6,930.6
252,영광군,2022,8.7,18.8,1017.1,72,2440.2,1.8,956.2
252,영광군,2023,9.5,19.4,1016.8,74.3,2038.8,1.7,916
252,영광군,2024,10.7,20,1016.5,76.5,2079.1,1.6,894.7
253,김해시,2015,11.2,20.6,1016.8,60.8,2408.4,2,
253,김해시,2016,11.4,20.6,1016.8,66.5,2295.7,2.1,375.4
253,김해시,2017,10.1,20.2,1016.7,62.8,2648.9,2.2,895.4
253,김해시,2018,10.5,20.3,1017,65.5,2567.9,2.1,918.7
253,김해시,2019,11.2,21.1,1016.5,64.8,2531.1,2.1,948.9
253,김해시,2020,10.6,20.2,1017.2,66,2362.1,1.9,1011.5
253,김해시,2021,10.7,20.6,1016.9,66.7,2243,1.7,966.9
253,김해시,2022,10.5,20.4,1016.4,62.1,2440,1.7,1041.1
253,김해시,2023,11.1,21.1,1016.6,67.8,2325.4,1.6,972.3
253,김해시,2024,11.9,21.7,1016.5,69.6,2259,1.6,942.7
254,순창군,2015,8,19.5,1016.9,72.6,2279.5,1.6,
254,순창군,2016,7.5,18.7,1017,73,2328.3,1.7,495.9
254,순창군,2017,6.6,18.7,1017.2,70.2,2538.4,1.7,1068.5
254,순창군,2018,7.4,19.2,1017.2,73.8,2523.4,1.4,703.7
254,순창군,2019,7.6,19.5,1016.8,73.1,2296.4,1.5,698.8
254,순창군,2020,8,18.9,1016.7,74.5,2033.1,1.8,914.7
254,순창군,2021,8.4,19.8,1016.7,75.3,2109.9,1.5,948
254,순창군,2022,7.5,19.4,1017,71.8,2196.6,1.7,978.4
254,순창군,2023,8.5,19.9,1017,74.6,2071.4,1.6,952.7
254,순창군,2024,9.7,20.6,1016.3,72.2,2017.8,1.6,986
255,북창원,2015,10.2,19.8,1015.9,69,2133,1.3,
255,북창원,2016,10.7,19.9,1015.9,68.6,2206.6,1.4,387.8
255,북창원,2017,10.1,20.3,1016.1,62.8,2529.1,1.4,940.7
255,북창원,2018,10,19.8,1016.5,65.5,2360.3,1.5,701.6
255,북창원,2019,9.7,19.8,1016,66,2357.4,1.3,693.5
255,북창원,2020,10.9,20.5,1016.1,67.3,2203.5,1.5,959.2
255,북창원,2021,11.3,21.3,1016.1,68.8,2138.3,1.4,962.8
255,북창원,2022,11,20.7,1015.8,62.4,2305.7,1.7,1029.3
255,북창원,2023,11.7,21.3,1016,67.7,2147.8,1.5,947.5
255,북창원,2024,12.8,22.1,1015.7,68.3,2145.1,1.5,951.4
257,양산시,2015,10.4,20.4,1017.2,62.8,2355.2,2.4,
257,양산시,2016,10.8,20.7,1017.3,65.8,2165.5,2.3,390.8
257,양산시,2017,10.1,21,1017.2,65,2468.5,2.3,901.3
257,양산시,2018,10,20.5,1017.5,67.7,2282.9,2.3,692.3
257,양산시,2019,10.6,21.3,1017,67.1,2264.7,2.1,766.2
257,양산시,2020,10.4,20.7,1017.1,67.7,2131.8,2.2,1032.2
257,양산시,2021,10.7,21.1,1016.2,69.5,2131.7,2.2,1038
257,양산시,2022,10.5,21.2,1015.9,63.8,2232.8,2.2,1076.9
257,양산시,2023,11.2,21.7,1015.8,68.3,2163.7,2,1031.4
257,양산시,2024,12.3,22.3,1015.3,69.8,2063.5,2.1,1032.4
258,보성군,2015,9.9,19.7,1016.7,65.9,2212.9,2.7,
258,보성군,2016,10.1,19.7,1016.8,69.8,2263.3,2.5,413.6
258,보성군,2017,8.8,19.9,1017,67.7,2569.3,1.7,847.8
258,보성군,2018,9.1,19.4,1017,70.8,2502,,695.1
258,보성군,2019,9.3,19.8,1016.6,70.1,2498.2,3,819.9
258,보성군,2020,9.8,19.8,1016.5,73.3,2231.1,3.2,1038
258,보성군,2021,10,20.5,1016,73.9,2348.6,3,1097.2
258,보성군,2022,9.6,20.2,1017,70.1,2402.7,3.1,1117.8
258,보성군,2023,10,20.5,1017.1,75.9,2245.8,2.6,1005
258,보성군,2024,11.2,21,1016.8,78,2254.8,,980.9
259,강진군,2015,9.3,19.3,1017.1,73.9,2208.9,2.4,
259,강진군,2016,10,19.6,1017.1,75.8,2143.4,2.3,360.1
259,강진군,2017,8.8,19.7,,,2367.3,2.3,844.2
259,강진군,2018,9.3,19.5,1017.3,71.9,2348.3,2.4,765.4
259,강진군,2019,9.4,19.8,1016.9,69.5,2306,2.2,939.7
259,강진군,2020,9.6,19.5,1017.2,71.1,2196.6,2.2,935
259,강진군,2021,10,20.5,1014.7,73.8,2103.1,1.8,982.4
259,강진군,2022,9.5,20.3,1015.6,70.8,2182.3,1.8,999.8
259,강진군,2023,10.1,20.6,1016.2,75.8,1999.4,1.6,917.8
259,강진군,2024,11.2,21.2,1015.7,78.5,2013.5,1.6,894.3
260,장흥,2015,8.9,19.5,1016.5,76.5,2020.6,1.9,
260,장흥,2016,9.5,19.5,1016.4,76.1,2096.1,1.8,
260,장흥,2017,8.2,19.8,1016.7,72.5,2337.3,1.8,
260,장흥,2018,8.5,19.5,1016.6,74.7,2152.3,1.8,
260,장흥,2019,8.8,20,1016.2,72.5,2280.1,1.8,
260,장흥,2020,8.6,19.2,1016.5,73.9,2198.6,1.7,
260,장흥,2021,9,20,1016.3,75.3,2332.5,1.6,
260,장흥,2022,8.4,19.8,1016.5,71.7,2411.3,1.7,
260,장흥,2023,9,20.3,1016.4,77,2233.9,1.5,
260,장흥,2024,10.4,20.8,1016.2,77.9,2240.1,1.5,
261,해남,2015,9,19.2,1016.4,78.4,2049.3,2,
261,해남,2016,9.1,19.4,1016.4,75.8,2104.5,2.2,
261,해남,2017,7.6,19.5,1016.7,70.3,2374.1,2,
261,해남,2018,7.9,19,1016.9,75.1,2288.8,2.1,
261,해남,2019,7.8,19.1,1016.7,76.3,2305.9,2,
261,해남,2020,8.3,18.8,1017,76.5,2181.2,,
261,해남,2021,8.7,19.7,1016.7,76.3,2346.8,2.1,
261,해남,2022,8.3,19.2,1017.2,75.2,2427.8,2,
261,해남,2023,9.6,20.1,1016.9,78.7,2211.3,1.9,
261,해남,2024,10.9,20.7,1016.6,79.3,2258.8,2,
262,고흥,2015,9.3,19.4,1016.3,76.5,2106.2,1.7,
262,고흥,2016,9.6,19.3,1016.3,77.5,2099.5,1.4,
262,고흥,2017,8.4,19.5,1016.5,70.4,2409.3,1.5,
262,고흥,2018,8.5,19.1,1016.4,73.7,2306.5,1.3,
262,고흥,2019,8.7,19.4,1016,72.3,2187.3,1.4,
262,고흥,2020,8.7,19,1016.3,73.4,2201.3,1.5,
262,고흥,2021,9.4,19.9,1016.2,73.1,2314.2,1.4,
262,고흥,2022,8.8,19.3,1016.4,69.3,2353.7,1.6,
262,고흥,2023,9.6,20,1016.4,74.9,2161.2,1.4,
262,고흥,2024,11,21.4,1016,74.9,2169.3,1.7,790.8
263,의령군,2015,7.4,19.6,1016.3,76.1,2106.7,1.2,
263,의령군,2016,7.9,19.9,1016.3,76,2072.7,1.1,406
263,의령군,2017,7.4,20.9,1016.3,69.6,2425.8,1.3,1010.7
263,의령군,2018,7.6,20.4,1016.6,70,2274.9,1.2,951.7
263,의령군,2019,8.2,20.9,1016.1,69.4,2288.6,1.2,973.6
263,의령군,2020,8.3,20.7,1016.3,69.3,2261.5,1.4,976.2
263,의령군,2021,8.4,21.4,1016.4,68.3,2238.6,,1047.9
263,의령군,2022,7.6,21.2,1016.3,64.1,2413.2,1.8,1149.4
263,의령군,2023,8.6,21.6,1016.3,,2146.7,1.6,1026.5
263,의령군,2024,10.1,22.2,1015.9,72.9,2192.2,1.6,1026
264,함양군,2015,7.5,19.6,1016.5,75.7,2052.8,1.2,
264,함양군,2016,8.1,20,1016.4,73.4,2060.9,1.3,427
264,함양군,2017,6.6,20,1016.6,71.1,2304.2,1.4,1002.2
264,함양군,2018,6.7,19.6,1016.8,75.9,2280.5,1.2,938.7
264,함양군,2019,7.3,20,1016.3,74.5,2272.3,1.2,946.9
264,함양군,2020,7.5,19.7,1016.5,69,2176.8,1.3,971.1
264,함양군,2021,7.7,20.1,1016.5,66.8,2092,1.6,1051.6
264,함양군,2022,6.9,20.1,1016.6,64.7,2313.7,1.7,1112.9
264,함양군,2023,7.9,20.6,1016.5,69.8,2106.1,1.5,1029
264,함양군,2024,9.3,21,1016.2,72.2,2080,1.5,1002.9
266,광양시,2015,11.5,20.2,1015.5,71,2405.3,2,
266,광양시,2016,11.5,20.1,1015.6,74.1,2231.6,1.9,462.4
266,광양시,2017,10.6,20.1,1015.9,68.2,2549.3,1.9,1035.5
266,광양시,2018,10.7,19.8,1016.6,65.7,2374.2,1.9,997.3
266,광양시,2019,11.2,20.5,1016,58.8,2382.3,1.8,1084.4
266,광양시,2020,11,20,1016.4,61.3,2294.8,1.7,1054.6
266,광양시,2021,11.3,20.6,1016.5,65.6,2340.2,1.7,1025.1
266,광양시,2022,10.9,20.6,1016.5,62.3,2387.5,2,1081.3
266,광양시,2023,11.3,20.8,1016.6,68.3,2199.1,1.8,993
266,광양시,2024,12.1,21.4,1016.3,69.7,2186.7,1.8,994.7
268,진도군,2015,9.9,18.5,1016,79.3,2069.3,2.3,
268,진도군,2016,10.4,18.7,1016,79.8,2047.2,2.5,
268,진도군,2017,9.4,18.7,1016.4,74.4,2138.5,2.4,
268,진도군,2018,9.8,18.5,1016.2,75.4,2202.7,2.3,
268,진도군,2019,9.8,18.6,1015.8,73.6,2155.7,2.3,
268,진도군,2020,10.1,18.5,1016.3,76.8,1946.1,2.6,
268,진도군,2021,,,1016.1,77.3,2065.9,2.3,
268,진도군,2022,9.7,18.7,1016,75.5,2138.5,2.5,
268,진도군,2023,10.1,19.3,1016.2,77.8,2018,2.4,
268,진도군,2024,11.4,20,1016.5,78.8,1984.1,2.3,
271,봉화,2015,4.1,17.3,1016.1,69.5,2132.9,1.5,
271,봉화,2016,4.8,17.6,1016.1,67.5,2188.5,1.5,
271,봉화,2017,3.9,17.4,1016.2,66.1,2238,1.5,
271,봉화,2018,4,17.4,1016.8,66.7,2253.6,1.5,
271,봉화,2019,4.8,18.1,1016.3,68.6,2160.1,1.5,
271,봉화,2020,5.3,16.9,1016.5,72.9,2076.4,1.3,
271,봉화,2021,4.6,16.1,1016.7,73.7,2064.6,1.3,
271,봉화,2022,4.9,17.3,1015.3,70.8,2189.7,1.3,
271,봉화,2023,6.1,17.9,1016.3,73,2205.5,1.2,
271,봉화,2024,7.6,18.7,1016.4,74.4,2130.6,1.2,
272,영주,2015,6.9,18.6,1016.2,66.2,2278,2.5,
272,영주,2016,6.8,18.2,1016.3,65.2,2180.2,2.5,
272,영주,2017,5.9,17.7,1016.3,61.6,2521.8,2.7,
272,영주,2018,5.9,17.6,1016.6,62.1,2513.6,2.5,
272,영주,2019,6.4,18.1,1016.3,63.8,2396,2.4,
272,영주,2020,6.7,17.6,1016.7,69.1,2211.4,2.4,
272,영주,2021,6.6,17.8,1016.7,71.5,2206.4,2.3,
272,영주,2022,6.1,17.7,1016.2,68,2331,2.5,
272,영주,2023,6.9,18.3,1016.3,71.4,2271.7,2.2,
272,영주,2024,8.3,18.9,1016.2,73.2,2271.5,2.1,
273,문경,2015,7.2,18.4,1016.4,59.8,2204.1,1.8,
273,문경,2016,7.3,18,1016.5,60.1,2128.5,1.8,
273,문경,2017,7,18.5,1016.5,56.5,2425.8,2,
273,문경,2018,7,18.4,1016.8,56.9,2317.7,2,
273,문경,2019,7.4,18.9,1016.4,63.7,2257.3,1.9,
273,문경,2020,7.5,18,1016.2,68.4,2184.3,1.8,
273,문경,2021,7.5,18.2,1016.1,70.7,2088.5,1.7,
273,문경,2022,7.1,18.3,1016,66.5,2318.6,1.7,
273,문경,2023,7.9,19,1015.8,69.6,2255.7,1.6,
273,문경,2024,9.1,19.4,1015.7,72.3,2192.6,1.6,
276,청송군,2015,5.6,18.7,1016.4,68.9,2088.5,1.3,
276,청송군,2016,6,18.6,1016.5,68.3,1967.4,1.3,394.5
276,청송군,2017,5,18.5,1016.4,66.1,2184.4,1.5,968.2
276,청송군,2018,5.3,18.1,1016.8,68.4,2239.6,1.5,944.1
276,청송군,2019,5.8,18.5,1016.5,75.3,2262.2,1.4,884.2
276,청송군,2020,5.7,18.5,1016.7,77.3,2190.8,1.5,864.5
276,청송군,2021,5.7,18.6,1016.9,68,2109.9,1.9,993.4
276,청송군,2022,4.7,18.8,1016.3,64.8,2316.1,1.8,1064.2
276,청송군,2023,5.8,19.5,1016.3,69.4,2317.6,1.6,1043.3
276,청송군,2024,7.2,20,1016.1,71.8,2152.5,1.7,981.4
277,영덕,2015,8.8,19,1016.1,63.3,2301.9,3,
277,영덕,2016,9.2,19.1,1016.1,64.2,2354.1,2.8,
277,영덕,2017,8.8,19.3,1015.8,59.2,2610.6,2.8,
277,영덕,2018,8.6,18.9,1016.3,62.5,2514.6,2.9,
277,영덕,2019,9.6,19.9,1015.7,64.1,2477.8,2.7,
277,영덕,2020,9.1,18.7,1015.8,66.8,2378.6,2.8,
277,영덕,2021,8.9,18.7,1016,69.3,2241.6,2.5,
277,영덕,2022,8.7,18.9,1015.9,64.5,2409.7,2.6,
277,영덕,2023,9.5,19.1,1015.8,67.3,2462.6,2.5,
277,영덕,2024,10.2,19.6,1015.9,70.3,2340.3,2.7,
278,의성,2015,5.7,19.5,1016.5,69.1,2166.5,1.2,
278,의성,2016,6.5,20,1016.5,70.5,2224.6,1.2,
278,의성,2017,5,19.9,1016.6,63.8,2518.7,1.3,
278,의성,2018,5.7,20.2,1016.9,64.7,2448.1,1.3,
278,의성,2019,6.3,20.7,1016.4,65.1,2374.3,1.2,
278,의성,2020,6.1,19.5,1016,71.3,2174.3,1.1,
278,의성,2021,6.3,19.7,1015.9,73.6,2079.9,1,
278,의성,2022,5.6,19.7,1015.8,68.6,2295.8,1.1,
278,의성,2023,6.7,20.3,1015.7,73.1,2224.3,1,
278,의성,2024,8.1,20.9,1015.5,74.8,2066.1,1,
279,구미,2015,9,19.7,1016.5,68.3,2246.3,1.5,
279,구미,2016,9.4,19.5,1016.5,71.3,2005.5,1.2,
279,구미,2017,8.4,19.7,1016.5,67.1,2341,1.2,
279,구미,2018,8.5,19.3,1016.9,70,2310.5,1.1,
279,구미,2019,9.1,19.9,1016.4,70.5,2294.6,1.1,
279,구미,2020,9,19.6,1016.6,68.8,2254.7,1.1,
279,구미,2021,8.9,20,1016.7,65.5,2175.2,.9,
279,구미,2022,8.6,20,1016.8,59.8,2376.8,.9,
279,구미,2023,9.3,20.3,1016.7,64.1,2229.7,.7,
279,구미,2024,10.4,20.9,1016.6,65.4,2167.5,.8,
281,영천,2015,7.9,19.8,1016.3,66,2179,1.8,
281,영천,2016,8.5,19.9,1016.3,66.2,2250.4,1.8,
281,영천,2017,7.5,20.2,1016.2,58.7,2570.8,1.9,
281,영천,2018,7.6,19.8,1016.6,61.3,2419.2,1.8,
281,영천,2019,8.3,20.5,1016.3,61.2,2408.1,1.8,
281,영천,2020,7.9,19.3,1016.8,67.2,2193.8,1.8,
281,영천,2021,7.9,19.4,1017.2,69.9,2133.4,1.7,
281,영천,2022,7.5,19.5,1017.3,64.4,2252.2,1.7,
281,영천,2023,8.3,20,1017,68.8,2274.7,1.6,
281,영천,2024,9.5,20.5,1016.3,71,2096,1.6,
283,경주시,2015,8.2,19.8,1016.3,69,2049.7,2.3,
283,경주시,2016,8.9,19.9,1016.4,68,2227.6,2.3,440.4
283,경주시,2017,7.9,20.3,1016.2,64.8,2580.4,2.5,901.2
283,경주시,2018,8.1,19.7,1016.6,69.3,2329.7,2.4,940.5
283,경주시,2019,8.7,20.5,1016.3,68.8,2322,2.3,949.3
283,경주시,2020,8.7,19.9,1016.6,68.2,2368.8,2.6,985.6
283,경주시,2021,8.6,20,1016.6,69.2,2146.7,2.5,1039.1
283,경주시,2022,8.2,20.4,1016.6,64.3,2351.3,2.5,1155.9
283,경주시,2023,8.9,20.9,1016.5,66.9,2324.3,2.5,1125.6
283,경주시,2024,10.2,21.2,1016.4,66.9,2218.2,2.5,1114.4
284,거창,2015,6.9,18.7,1016,71.3,2268.5,1.5,
284,거창,2016,7.3,19.1,1016,71.8,2168.6,1.3,
284,거창,2017,6,19.3,1016,67.3,2435.7,1.4,
284,거창,2018,6.2,19.1,1015.6,70.6,2230.2,1.3,
284,거창,2019,6.7,19.6,1015.7,70.3,2213.2,1.3,
284,거창,2020,6.8,19.1,1016,71.2,2365.7,1.4,
284,거창,2021,7,19.6,1016.3,71.5,2326.5,1.4,
284,거창,2022,6.3,19.7,1016.4,67,2484.3,1.4,
284,거창,2023,7,19.9,1016.4,71.8,2390.7,1.3,
284,거창,2024,8.1,20,1016.2,74.5,2309.7,1.2,
285,합천,2015,7.9,20.1,1016.5,66.4,2123.9,1.2,
285,합천,2016,8.5,20.3,1016.5,66.5,2231.6,1.1,
285,합천,2017,7.2,20.7,1016.4,61.3,2574,1.2,
285,합천,2018,7.3,20.3,1016.7,65.6,2431.4,1.3,
285,합천,2019,8,20.9,,64.9,2339.6,1.1,
285,합천,2020,8.1,20,1016.7,72.8,2138.8,1.1,
285,합천,2021,8.5,20.4,1016.2,72.3,2030.7,.9,
285,합천,2022,7.9,20.5,1015.9,64.4,2355,.9,
285,합천,2023,8.8,20.9,1016,68.8,2153.4,.8,
285,합천,2024,10.2,21.6,1016,70.2,2162.6,.8,
288,밀양,2015,8.7,20.6,1016.2,67.5,2124.8,1.3,
288,밀양,2016,9.5,20.8,1016.2,68.1,2094.7,1,
288,밀양,2017,8.1,21.2,1016.1,61,2403.5,1.1,
288,밀양,2018,8.2,20.3,1016.5,65.6,2348.1,1.1,
288,밀양,2019,8.6,20.8,1016,64.7,2338.6,1,
288,밀양,2020,8.7,20.3,1016.1,64.7,2378.5,1.1,
288,밀양,2021,9.1,21,1015.9,65,2340.7,1,
288,밀양,2022,8.9,21.1,1015.8,58.8,2456.7,1.1,
288,밀양,2023,9.6,21.4,1015.9,62.6,2327.7,1,
288,밀양,2024,10.8,21.9,1015.7,62.8,2287.5,1,
289,산청,2015,8.4,19.2,1016.3,64.2,2291.6,1.7,
289,산청,2016,9,19.6,1016.4,63.8,2174.7,1.7,
289,산청,2017,7.8,19.9,1016.4,64.3,2434.2,1.7,
289,산청,2018,7.8,19.5,1016.6,68.7,2303.4,1.7,
289,산청,2019,8.3,20.2,1016.1,67.9,2275.4,1.6,
289,산청,2020,8.3,19.3,1016.7,70.1,2161.2,1.8,
289,산청,2021,8.3,19.9,1016.9,71,2117.2,1.7,
289,산청,2022,7.8,19.9,1017.1,66.8,2297,1.8,
289,산청,2023,8.5,20.3,1017.1,71.8,2124.3,1.6,
289,산청,2024,9.7,20.7,1016.7,73.8,2051.5,1.5,
294,거제,2015,10.9,19.7,1016.2,63.1,2065.2,1.8,
294,거제,2016,11.7,20.1,1016.3,71.5,1885,1.8,
294,거제,2017,11,20.2,1016.2,68.4,2449.6,1.8,
294,거제,2018,11,19.8,1016.5,72.5,2341.5,1.8,
294,거제,2019,11.5,20.5,1016,70.8,2368.6,1.7,
294,거제,2020,11.1,19.1,1016.7,69.8,2143.1,1.6,
294,거제,2021,11.3,19.5,1016.7,69.9,2171.9,1.5,
294,거제,2022,10.9,19.2,1016.6,66.3,2246.8,1.5,
294,거제,2023,11.4,19.6,1016.5,71.4,2114.9,1.4,
294,거제,2024,12.2,20.3,1016.4,72.1,2038.1,1.5,
295,남해,2015,10.7,19.7,1016.3,66.3,2186.6,1.3,
295,남해,2016,11.1,20,1016.3,68.1,2233.2,1.3,
295,남해,2017,10.4,20.2,1016.4,65.9,2559.9,1.3,
295,남해,2018,10.3,19.7,1016.7,68.2,2407.8,1.3,
295,남해,2019,10.9,20.3,1016.2,67,2463,1.3,
295,남해,2020,10.6,19.4,1016.4,69.3,2287.2,1.4,
295,남해,2021,11,19.9,1016.2,70,2269.8,1.5,
295,남해,2022,10.6,19.6,1016.3,65.8,2345.5,1.5,
295,남해,2023,11.2,20,1016.3,70.5,2208.4,,
295,남해,2024,12.2,20.5,1016.1,71.9,2190.7,1.6,
296,북부산,2023,,,,,2057.6,,1022.3
296,북부산,2024,11.5,21.7,1016.5,68.8,2164,2.2,1061.3
